name,ename,aprice,sprice,laptop_size,laptop_weight,laptop_type,Screen_size,Screen_type,Screen_resolution,CPU_manufacturer,CPU_series,CPU_model,CPU_frequency,cache_memory,RAM,RAM_type,hard_disk,internal_memory,graphic_manufacturer,graphic_model,graphic_memory
"
لپ تاپ مایکروسافت 15 اینچ مدل Surface Book 2 پردازنده Core i7 رم 16GB هارد 512GB گرافیک 6GB با صفحه نمایش لمسی
","
Surface Book 2 Core i7 16GB 512GB 6GB 15inch Touch
","41,730,000 تومان","75,999,000 تومان",23~15 * 251 * 343 ميلي‌متر,1.9 کیلوگرم,نوت بوک (لپ تاپ),15 اینچ,PixelSense™ Display,2160 * 3840,INTEL,Core i7,i7-8650U,1.9 گیگاهرتز,8 مگابایت,16 گیگابایت,DDR3,512 گیگابایت,SSD,Nvidia Gforce,GTX 1060 GDDR5,6 گیگا بایت
"
لپ تاپ 13 اینچی مایکروسافت مدل Surface Laptop 3 - B
","
Surface Laptop 3 - B Core i5 8GB 256GB SSD Intel Touch Laptop 
","31,599,000 تومان","31,749,000 تومان",308x223x14.5 میلی‌متر,1.2 کیلوگرم,نوت بوک (لپ تاپ),13.5 اینچ,PixelSense™ Display,2256 * 1504,INTEL,Core i5,i5-1035G7,1.2 گیگاهرتز,6 مگابایت,8 گیگابایت,DDR4,256 گیگابایت,SSD,Intel,Intel Iris Plus Graphics,
"
لپ تاپ مایکروسافت 13 اینچ مدل Surface Book 2 پردازنده Core i7 رم 16GB هارد 512GB با صفحه نمایش لمسی
","
Surface Book 2 Core i7 16GB 512GB 2GB 13inch Touch
","54,849,000 تومان","55,299,000 تومان",23~13 * 232 * 312 ميلي‌متر,1.53 کیلوگرم,نوت بوک (لپ تاپ),13.5 اینچ,PixelSense™ Display,2000 * 3000,INTEL,Core i7,i7-8650U,1.9 گیگاهرتز,8 مگابایت,16 گیگابایت,DDR3,512 گیگابایت,SSD,Nvidia Gforce,GeForce® GTX 1050 GDDR5,2 گیگا بایت
"
لپ تاپ مایکروسافت 13 اینچ مدل Surface Book 3 پردازنده Core i7 رم 16GB هارد 256GB SSD گرافیک 4GB با صفحه نمایش لمسی
","
Surface Book 3 Core i7 16GB 256GB SSD 4GB 13.5 inch Touch
","63,500,000 تومان","72,199,000 تومان",312x232x23 میلی‌متر,1.534 کیلوگرم,نوت بوک (لپ تاپ),13.5 اینچ,PixelSense™ Display,2000 * 3000,INTEL,Core i7,i7 1065 G7,3.9 گیگاهرتز,,16 گیگابایت,DDR4,256 گیگابایت,SSD,Nvidia Gforce,GTX 1650 with Max-Q Design,4 گیگابایت
"
لپ تاپ ام اس آی 15.6 اینچی مدل GF66 B12VEK پردازنده Core i7-12650H رم 16GB حافظه 1TB SSD گرافیک 6GB RTX 4050
","
MSI GF66 B12VEK Core i7-12650H 16GB 1TB SSD 6GB RTX 4050 Full HD Laptop
","69,499,000 تومان","69,599,000 تومان",359 × 259 × 24.9 میلی متر,2.25 کیلوگرم,نوت بوک (لپ تاپ),15.6 اینچ,IPS LCD,1080 * 1920 ,INTEL,Core i7,i7-12650H,3.6 گیگاهرتز,24 مگابایت,16 گیگابایت,DDR5,1 ترابایت,SSD,Nvidia,RTX 4050 105W,6 گیگا بایت
"
لپ تاپ مایکروسافت 13 اینچ مدل Surface Book 3 پردازنده Core i7 رم 32GB هارد 1TB SSD گرافیک 4GB با صفحه نمایش لمسی
","
Surface Book 3 Core i7 32GB 1TB SSD 4GB 13.5 inch Touch 
","119,000,000 تومان","120,000,000 تومان",312x232x23 میلی‌متر,1.534 کیلوگرم,نوت بوک (لپ تاپ),13.5 اینچ,PixelSense™ Display,2000 * 3000,INTEL,Core i7,i7 1065 G7,3.9 گیگاهرتز,,32 گیگابایت,DDR4,1 ترابایت,SSD,Nvidia Gforce,GTX 1650 with Max-Q Design,4 گیگابایت
"
لپ تاپ مایکروسافت 12.4 اینچی مدل Surface Laptop Go پردازنده Core i5 رم 8GB حافظه 128GB صفحه نمایش لمسی
","
Surface Laptop Go Core i5 8GB 128GB Intel 12.4inch Touch Laptop 
","29,210,000 تومان","29,310,000 تومان",1.11 کیلوگرم,نوت بوک (لپ تاپ),,12.5 اینچ,PixelSense™ Display,,INTEL,Core i5,i5 1035 G1,,,8 گیگابایت,DDR4,128 گیگابایت,SSD,Intel,Intel® UHD Graphics,
"
لپ تاپ مایکروسافت 12.4 اینچی مدل Surface Laptop Go پردازنده Core i5 رم 8GB حافظه 256GB صفحه نمایش لمسی
","
Surface Laptop Go Core i5 8GB 256GB Intel 12.4inch Touch Laptop 
","28,114,000 تومان","28,229,000 تومان",1.11 کیلوگرم,نوت بوک (لپ تاپ),,12.5 اینچ,PixelSense™ Display,,INTEL,Core i5,i5 1035 G1,,,8 گیگابایت,DDR4,256 گیگابایت,SSD,Intel,Intel® UHD Graphics,
"
لپ تاپ مایکروسافت 12.4 اینچی مدل Surface Laptop Go پردازنده Core i5 رم 16GB حافظه 256GB صفحه نمایش لمسی
","
Surface Laptop Go Core i5 16GB 256GB Intel 12.4inch Touch Laptop 
","33,699,000 تومان","33,799,000 تومان",1.11 کیلوگرم,نوت بوک (لپ تاپ),,12.5 اینچ,PixelSense™ Display,,INTEL,Core i5,i5 1035 G1,,,16 گیگابایت,DDR4,256 گیگابایت,SSD,Intel,Intel® UHD Graphics,
"
لپ تاپ مایکروسافت 12.4 اینچی مدل Surface Laptop Go پردازنده Core i5 رم 4GB حافظه 64GB صفحه نمایش لمسی
","
Surface Laptop Go Core i5 4GB 64GB Intel 12.4inch Touch Laptop 
","16,950,000 تومان","30,199,000 تومان",1.11 کیلوگرم,نوت بوک (لپ تاپ),,12.5 اینچ,PixelSense™ Display,,INTEL,Core i5,i5 1035 G1,,,4 گیگابایت,DDR4,64 گیگابایت,eMMC,Intel,Intel® UHD Graphics,
"
لپ تاپ 13 اینچی مایکروسافت مدل Surface Laptop 3
","
Surface Laptop 3 Core i7 16GB 512GB SSD Intel Touch Laptop 
","56,300,000 تومان","57,300,000 تومان",308x223x14.5 میلی‌متر,1.2 کیلوگرم,نوت بوک (لپ تاپ),13.5 اینچ,PixelSense™ Display,2256 * 1504,INTEL,Core i7,i7 1065 G7,,,16 گیگابایت,DDR4,512 گیگابایت,SSD,Intel,Intel Iris Plus Graphics,
"
لپ تاپ مایکروسافت لپ تاپ 13 اینچی مایکروسافت مدل Surface Laptop 3 با پردازنده i5 و حافظه 256 گیگابایت
","
Surface Laptop 3 Core i5 16GB 256GB SSD Intel Touch Laptop
","35,888,000 تومان","43,600,000 تومان",308x223x14.5 میلی‌متر,1.2 کیلوگرم,نوت بوک (لپ تاپ),13.5 اینچ,PixelSense™ Display,2256 * 1504,INTEL,Core i5,i5-1035G7,1.2 گیگاهرتز,6 مگابایت,16 گیگابایت,DDR4,256 گیگابایت,SSD,Intel,Intel Iris Plus Graphics,
"
لپ تاپ 15 اینچی مایکروسافت مدل Surface Laptop 3 Core i7 16GB 256GB SSD Intel
","
Surface Laptop 3 Core i7 16GB 256GB SSD Intel Touch 15 Inch Laptop
","30,683,000 تومان","30,833,000 تومان",1.2 کیلوگرم,نوت بوک (لپ تاپ),,15 اینچ,PixelSense™ Display,2256 * 1504,INTEL,Core i7,i7 1065 G7,,,16 گیگابایت,DDR4,256 گیگابایت,SSD,Intel,Intel Iris Plus Graphics,
"
لپ تاپ مایکروسافت 15 اینچی مدل Surface Laptop 3 پردازنده Core i5 رم 8GB حافظه 128GB
","
Surface Laptop 3 15inch Core i5 8GB 128GB SSD Intel Touch Laptop 
","33,174,000 تومان","33,299,000 تومان",339.5x244x14.69 میلی‌متر,1.5 کیلوگرم,نوت بوک (لپ تاپ),15 اینچ,PixelSense™ Display,1440 * 2304,INTEL,Core i5,i5-1035G7,1.2 گیگاهرتز,6 مگابایت,8 گیگابایت,DDR4,128 گیگابایت,SSD,Intel,Intel Iris Plus Graphics,
"
لپ تاپ 13.5 اینچی مایکروسافت مدل Surface Laptop 5 پردازنده Core i7-1255U رم 16GB حافظه 512GB SSD گرافیک Intel
","
Surface Laptop 5 13.5inch Core i7-1255U 16GB 512GB SSD Intel Touch Laptop
","44,789,000 تومان","44,899,000 تومان",308x223x14.5 میلی‌متر,1.2 کیلوگرم,نوت بوک (لپ تاپ),13.5 اینچ,PixelSense™ Display,2256 * 1504,INTEL,Core i7,i7-1255U,3.5 گیگاهرتز,12  مگابایت,16 گیگابایت,DDR5,512 گیگابایت,SSD,Intel, Intel® Iris® Xe,
"
لپ تاپ 13.5 اینچی مایکروسافت مدل Surface Laptop 5 پردازنده Core i5-1235U رم 8GB حافظه 256GB SSD گرافیک Intel
","
Surface Laptop 5 13.5inch Core i5-1235U 8GB 256GB SSD Intel Touch Laptop
","41,819,000 تومان","41,999,000 تومان",308x223x14.5 میلی‌متر,1.2 کیلوگرم,نوت بوک (لپ تاپ),13.5 اینچ,PixelSense™ Display,2256 * 1504,INTEL,Core i5,i5 - 1235U,3.3 گیگاهرتز,12  مگابایت,8 گیگابایت,DDR5,256 گیگابایت,SSD,Intel, Intel® Iris® Xe,
"
لپ تاپ 13.5 اینچی مایکروسافت مدل Surface Laptop 5 پردازنده Core i5-1235U رم 8GB حافظه 512GB SSD گرافیک Intel
","
Surface Laptop 5 13.5inch Core i5-1235U 8GB 512GB SSD Intel Touch Laptop
","56,888,000 تومان","57,888,000 تومان",308x223x14.5 میلی‌متر,1.2 کیلوگرم,نوت بوک (لپ تاپ),13.5 اینچ,PixelSense™ Display,2256 * 1504,INTEL,Core i5,i5 - 1235U,3.3 گیگاهرتز,12  مگابایت,8 گیگابایت,DDR5,512 گیگابایت,SSD,Intel, Intel® Iris® Xe,
"
لپ تاپ 13.5 اینچی مایکروسافت مدل Surface Laptop 5 پردازنده Core i5-1235U رم 16GB حافظه 512GB SSD گرافیک Intel
","
Surface Laptop 5 13.5inch Core i5-1235U 16GB 512GB SSD Intel Touch Laptop
","69,499,000 تومان","69,599,000 تومان",308x223x14.5 میلی‌متر,1.2 کیلوگرم,نوت بوک (لپ تاپ),13.5 اینچ,PixelSense™ Display,2256 * 1504,INTEL,Core i5,i5 - 1235U,3.3 گیگاهرتز,12  مگابایت,16 گیگابایت,DDR5,512 گیگابایت,SSD,Intel, Intel® Iris® Xe,
"
لپ تاپ 13.5 اینچی مایکروسافت مدل Surface Laptop 4 پردازنده Ryzen 7 4980U رم 16GB حافظه 512GB SSD گرافیک AMD Radeon
","
Surface Laptop 4 13.5inch Ryzen 7 4980U 16GB 512GB SSD AMD Radeon Touch Laptop
","57,350,000 تومان","48,899,000 تومان",1.265 کیلوگرم,نوت بوک (لپ تاپ),,13.5 اینچ,PixelSense™ Display,2256 * 1504,AMD,Ryzen 7,Ryzen 7 4980U,,,16 گیگابایت,DDR4,512 گیگابایت,SSD,AMD,powered by AMD Ryzen™ Microsoft Surface® Edition: AMD Radeon™ Graphics,
"
لپ تاپ 15 اینچی مایکروسافت مدل Surface Laptop 4 پردازنده Ryzen 7 4980U رم 16GB حافظه 512GB SSD گرافیک AMD Radeon
","
Surface Laptop 4 15inch Ryzen 7 4980U 16GB 512GB SSD AMD Radeon Touch Laptop
","71,500,000 تومان","72,500,000 تومان",339.5 * 244 * 14.7 میلی‌متر,1.54 کیلوگرم,نوت بوک (لپ تاپ),15 اینچ,PixelSense™ Display,,AMD,Ryzen 7,Ryzen 7 4980U,,,16 گیگابایت,DDR4,512 گیگابایت,SSD,AMD,powered by AMD Ryzen™ Microsoft Surface® Edition: AMD Radeon™ Graphics,
"
لپ تاپ 13 اینچی مایکروسافت مدل Surface Laptop 4 پردازنده Ryzen 5 رم 16GB حافظه 256GB SSD گرافیک AMD
","
Surface Laptop 4 13.5inch Ryzen 5 4680U 16GB 256GB SSD AMD Touch Laptop
","55,812,000 تومان","56,200,000 تومان",308x223x14.5 میلی‌متر,1.2 کیلوگرم,نوت بوک (لپ تاپ),13.5 اینچ,PixelSense™ Display,2256 * 1504,AMD,Ryzen 5,2.2 گیگا هرتز,4.0 گیگاهرتز,,16 گیگابایت,DDR4,256 گیگابایت,SSD,AMD Radeon ,AMD Ryzen™ Microsoft Surface® Edition: AMD Radeon™ Graphics,
"
لپ تاپ 14.4 اینچی مایکروسافت مدل Surface Laptop Studio پردازنده Core i5-11300H رم 16GB حافظه 512GB SSD گرافیک Intel
","
Surface Laptop Studio 14.4inch Core i5-11300H 16GB 512GB SSD Intel Touch Laptop
","49,300,000 تومان","49,500,000 تومان",323.28 * 228.32 * 18.94 میلی‌متر,1.74 کیلوگرم,نوت بوک (لپ تاپ),14.4 اینچ,PixelSense™ Display,1600 * 2560,INTEL,Core i5,i5-11300H,3.1 گیگاهرتز,8 مگابایت,16 گیگابایت,DDR4,512 گیگابایت,SSD,Intel, Intel® Iris® Xe,
"
لپ تاپ 15 اینچی مایکروسافت مدل Surface Laptop 4 پردازنده Core i7-1185G7 رم 16GB حافظه 256GB SSD گرافیک Intel
","
Surface Laptop 4 15inch Core i7-1185G7 16GB 256GB SSD Intel Touch Laptop
","53,900,000 تومان","54,000,000 تومان",339.5 * 244 * 14.7 میلی‌متر,1.54 کیلوگرم,نوت بوک (لپ تاپ),15 اینچ,PixelSense™ Display,,INTEL,Core i7,i7-1185G7,,,16 گیگابایت,DDR4,256 گیگابایت,SSD,Intel, Intel® Iris® Xe,
"
لپ تاپ 15 اینچی مایکروسافت مدل Surface Laptop 4 پردازنده Ryzen 7 4980U رم 8GB حافظه 256GB SSD گرافیک AMD Radeon
","
Surface Laptop 4 15inch Ryzen 7 4980U 8GB 256GB SSD AMD Radeon Touch Laptop
","61,300,000 تومان","62,300,000 تومان",339.5 * 244 * 14.7 میلی‌متر,1.54 کیلوگرم,نوت بوک (لپ تاپ),15 اینچ,PixelSense™ Display,,AMD,Ryzen 7,Ryzen 7 4980U,,,8 گیگابایت,DDR4,256 گیگابایت,SSD,AMD,powered by AMD Ryzen™ Microsoft Surface® Edition: AMD Radeon™ Graphics,
"
لپ تاپ مایکروسافت 12.4 اینچی مدل Surface Laptop Go 2 پردازنده Core i5 رم 4GB حافظه 128GB صفحه نمایش لمسی
","
Surface Laptop Go 2 Core i5 1135G7 4GB 128GB Intel 12.4inch Touch Laptop 
","21,700,000 تومان","31,099,000 تومان",10.95” x 8.12” x 0.62” (278.2mm x 206.2mm x 15.7mm),1.11 کیلوگرم,نوت بوک (لپ تاپ),12.5 اینچ,PixelSense™ Display,,INTEL,Core i5,i5-1135G7,,,4 گیگابایت,DDR4,128 گیگابایت,SSD,Intel,Intel® Iris® Xe Graphics,
"
لپ تاپ مایکروسافت 13 اینچ مدل Surface Book 3 پردازنده Core i5 رم 8GB هارد 256GB با صفحه نمایش لمسی
","
Surface Book 3 Core i5 8GB 256GB SSD Intel 13.5 inch Touch
","52,000,000 تومان","50,300,000 تومان",312x232x23 میلی‌متر,1.534 کیلوگرم,نوت بوک (لپ تاپ),13.5 اینچ,PixelSense™ Display,2000 * 3000,INTEL,Core i5,i5-1035G7,1.2 گیگاهرتز,6 مگابایت,8 گیگابایت,DDR4,256 گیگابایت,SSD,Intel,Intel® Iris™ Plus Graphics,
"
لپ تاپ مایکروسافت 15 اینچ مدل Surface Book 3  پردازنده Core i7 رم 32GB هارد 512GB با صفحه نمایش لمسی
","
Surface Book 3 Core i7 32GB 512GB SSD 6GB 15 inch Touch
","92,100,000 تومان","93,100,000 تومان",343x251x23 میلی‌متر,1.642 کیلوگرم,نوت بوک (لپ تاپ),15 اینچ,PixelSense™ Display,2160 * 3840,INTEL,Core i7,i7 1065 G7,1.3 گیگاهرتز,8 مگابایت,32 گیگابایت,DDR4,512 گیگابایت,SSD,Nvidia Gforce,GTX 1660 Ti,6 گیگا بایت
"
لپ تاپ 13 اینچی مایکروسافت مدل Surface Laptop 3 - A
","
Surface Laptop 3 - A Core i5 8GB 128GB SSD Intel Touch Laptop 
","38,500,000 تومان","38,700,000 تومان",308x223x14.5 میلی‌متر,1.2 کیلوگرم,نوت بوک (لپ تاپ),13.5 اینچ,PixelSense™ Display,2256 * 1504,INTEL,Core i5,i5-1035G7,1.2 گیگاهرتز,6 مگابایت,8 گیگابایت,DDR4,128 گیگابایت,SSD,Intel,Intel Iris Plus Graphics,
"
لپ تاپ 14.4 اینچی مایکروسافت مدل Surface Laptop Studio پردازنده Core i7-11370H رم 32GB حافظه 2TB SSD گرافیک 4GB A2000
","
Surface Laptop Studio 14.4inch Core i7-11370H 32GB 2TB SSD 4GB RTX A2000 Touch Laptop
","175,200,000 تومان","93,100,000 تومان",323.28 * 228.32 * 18.94 میلی‌متر,1.8 کیلوگرم,نوت بوک (لپ تاپ),14.4 اینچ,PixelSense™ Display,1600 * 2560,INTEL,Core i7,i7-11370H,3.3 گیگاهرتز,12  مگابایت,32 گیگابایت,DDR4,2 ترابایت,SSD,Nvidia Gforce, RTX™ A2000,4 گیگابایت
"
لپ تاپ 14.4 اینچی مایکروسافت مدل Surface Laptop Studio پردازنده Core i7-11370H رم 16GB حافظه 512GB SSD گرافیک 4GB RTX3050Ti
","
Surface Laptop Studio 14.4inch Core i7-11370H 16GB 512GB SSD 4GB RTX 3050Ti Touch Laptop
","88,300,000 تومان","88,400,000 تومان",323.28 * 228.32 * 18.94 میلی‌متر,1.8 کیلوگرم,نوت بوک (لپ تاپ),14.4 اینچ,PixelSense™ Display,1600 * 2560,INTEL,Core i7,i7-11370H,3.3 گیگاهرتز,12  مگابایت,16 گیگابایت,DDR4,512 گیگابایت,SSD,Nvidia Gforce,NVIDIA® GeForce RTX™3050 Ti  laptop GPU with 4GB GDDR6,4 گیگابایت
"
لپ تاپ 14.4 اینچی مایکروسافت مدل Surface Laptop Studio پردازنده Core i7-11370H رم 32GB حافظه 2TB SSD گرافیک 4GB RTX3050Ti
","
Surface Laptop Studio 14.4inch Core i7-11370H 32GB 2TB SSD 4GB RTX 3050Ti Touch Laptop
","107,888,000 تومان","108,888,000 تومان",323.28 * 228.32 * 18.94 میلی‌متر,1.8 کیلوگرم,نوت بوک (لپ تاپ),14.4 اینچ,PixelSense™ Display,1600 * 2560,INTEL,Core i7,i7-11370H,3.3 گیگاهرتز,12  مگابایت,32 گیگابایت,DDR4,2 ترابایت,SSD,Nvidia Gforce,NVIDIA® GeForce RTX™3050 Ti  laptop GPU with 4GB GDDR6,4 گیگابایت
"
لپ تاپ 14.4 اینچی مایکروسافت مدل Surface Laptop Studio پردازنده Core i7-11370H رم 32GB حافظه 1TB SSD گرافیک 4GB RTX3050Ti
","
Surface Laptop Studio 14.4inch Core i7-11370H 32GB 1TB SSD 4GB RTX 3050Ti Touch Laptop
","78,219,000 تومان","78,499,000 تومان",323.28 * 228.32 * 18.94 میلی‌متر,1.8 کیلوگرم,نوت بوک (لپ تاپ),14.4 اینچ,PixelSense™ Display,1600 * 2560,INTEL,Core i7,i7-11370H,3.3 گیگاهرتز,12  مگابایت,32 گیگابایت,DDR4,1 ترابایت,SSD,Nvidia Gforce,NVIDIA® GeForce RTX™3050 Ti  laptop GPU with 4GB GDDR6,4 گیگابایت
"
لپ تاپ 15 اینچی مایکروسافت مدل Surface Laptop 3 Core i7 32GB 1TB SSD Intel
","
Surface Laptop 3 Core i7 32GB 1TB SSD Intel Touch 15 Inch Laptop
","47,230,000 تومان","47,430,000 تومان",1.2 کیلوگرم,نوت بوک (لپ تاپ),,15 اینچ,PixelSense™ Display,2256 * 1504,INTEL,Core i7,i7 1065 G7,,,32 گیگابایت,DDR4,1 ترابایت,SSD,Intel,Intel Iris Plus Graphics,
"
لپ تاپ 13 اینچی مایکروسافت مدل Surface Laptop 4 پردازنده Core i5-1135G7 رم 8GB حافظه 512GB SSD گرافیک Intel
","
Surface Laptop 4 13.5inch Core i5-1135G7 8GB 512GB SSD Intel Touch Laptop
","30,230,000 تومان","63,599,000 تومان",308x223x14.5 میلی‌متر,1.2 کیلوگرم,نوت بوک (لپ تاپ),13.5 اینچ,PixelSense™ Display,2256 * 1504,INTEL,Core i5,i5-1135G7,,,8 گیگابایت,DDR4,512 گیگابایت,SSD,Intel, Intel® Iris® Xe,
"
لپ تاپ 13 اینچی مایکروسافت مدل Surface Laptop 4 پردازنده Ryzen 5 رم 8GB حافظه 256GB SSD گرافیک AMD
","
Surface Laptop 4 13.5inch Ryzen 5 4680U 8GB 256GB SSD AMD Touch Laptop
","46,338,000 تومان","47,338,000 تومان",308x223x14.5 میلی‌متر,1.2 کیلوگرم,نوت بوک (لپ تاپ),13.5 اینچ,PixelSense™ Display,2256 * 1504,AMD,Ryzen 5,2.2 گیگا هرتز,4.0 گیگاهرتز,,8 گیگابایت,DDR4,256 گیگابایت,SSD,AMD Radeon ,AMD Ryzen™ Microsoft Surface® Edition: AMD Radeon™ Graphics,
"
لپ تاپ 13 اینچی مایکروسافت مدل Surface Laptop 4 پردازنده Core i7-1185G7 رم 32GB حافظه 1TB SSD گرافیک Intel
","
Surface Laptop 4 13.5inch Core i7-1185G7 32GB 1TB SSD Intel Touch Laptop
","80,300,000 تومان","81,300,000 تومان",308x223x14.5 میلی‌متر,1.2 کیلوگرم,نوت بوک (لپ تاپ),13.5 اینچ,PixelSense™ Display,2256 * 1504,INTEL,Core i7,i7-1185G7,,,32 گیگابایت,DDR4,1 ترابایت,SSD,Intel, Intel® Iris® Xe,
"
لپ تاپ 13 اینچی مایکروسافت مدل Surface Laptop 4 پردازنده Core i7-1185G7 رم 16GB حافظه 256GB SSD گرافیک Intel
","
Surface Laptop 4 13.5inch Core i7-1185G7 16GB 256GB SSD Intel Touch Laptop
","41,730,000 تومان","35,433,000 تومان",308x223x14.5 میلی‌متر,1.2 کیلوگرم,نوت بوک (لپ تاپ),13.5 اینچ,PixelSense™ Display,2256 * 1504,INTEL,Core i7,i7-1185G7,,,16 گیگابایت,DDR4,256 گیگابایت,SSD,Intel, Intel® Iris® Xe,
"
لپ تاپ مایکروسافت 13 اینچ مدل Surface Book 2 پردازنده Core i7 رم 8GB هارد 256GB گرافیک 2GB با صفحه نمایش لمسی
","
Surface Book 2 Core i7 8GB 256GB 2GB 13inch Touch
","45,833,000 تومان","46,833,000 تومان",23~13 * 232 * 312 ميلي‌متر,1.53 کیلوگرم,نوت بوک (لپ تاپ),13.5 اینچ,PixelSense™ Display,2000 * 3000,INTEL,Core i7,i7-8650U,1.9 گیگاهرتز,8 مگابایت,8 گیگابایت,DDR3,256 گیگابایت,SSD,Nvidia Gforce,GeForce® GTX 1050 GDDR5,2 گیگا بایت
"
لپ تاپ 16 اینچی اچ پی مدل OMEN 16 C0002dx - A پردازنده Ryzen 7 5800H رم 16GB حافظه 1TB SSD گرافیک 8GB
","
OMEN 16 C0002dx - A Ryzen 7 5800H 16GB 1TB SSD 8GB RX6600M Full HD IPS Laptop
","35,594,000 تومان","35,729,000 تومان",369x248x23 میلی‌متر,2.3 کیلوگرم,نوت بوک (لپ تاپ),16 اینچ,IPS,1080 * 1920 ,AMD,Ryzen 7,Ryzen 7 5800H,3.2 گیگاهرتز,16 مگابایت,16 گیگابایت,DDR4,1 ترابایت,SSD,AMD Radeon ,Radeon RX6600M GDD6,8 گیگا بایت
"
لپ تاپ 16 اینچی اچ پی مدل OMEN 16 C0002dx - B پردازنده Ryzen 7 5800H رم 32GB حافظه 1TB SSD گرافیک 8GB
","
OMEN 16 C0002dx - B Ryzen 7 5800H 32GB 1TB SSD 8GB RX6600M Full HD IPS Laptop
","40,000,000 تومان","41,000,000 تومان",369x248x23 میلی‌متر,2.3 کیلوگرم,نوت بوک (لپ تاپ),16 اینچ,IPS,1080 * 1920 ,AMD,Ryzen 7,Ryzen 7 5800H,3.2 گیگاهرتز,16 مگابایت,32 گیگابایت,DDR4,1 ترابایت,SSD,AMD Radeon ,Radeon RX6600M GDD6,8 گیگا بایت
"
لپ تاپ 16 اینچی اچ پی مدل OMEN 16 B0001 - A پردازنده Core i7 رم 16GB حافظه 1TB SSD گرافیک 8GB 3070
","
OMEN 16 B0001 - A Core i7 11800H 16GB 1TB SSD 8GB 3070 Full HD IPS Laptop
","47,280,000 تومان","47,380,000 تومان",369x248x23 میلی‌متر,2.3 کیلوگرم,نوت بوک (لپ تاپ),16 اینچ,IPS,1080 * 1920 ,INTEL,Core i7,i7-11800H,2.3 گیگا هرتز,24 مگابایت,16 گیگابایت,DDR4,1 ترابایت,SSD,Nvidia,GeForce RTX 3070 GDDR6,8 گیگا بایت
"
لپ تاپ 16 اینچی اچ پی مدل OMEN 16 B0001 - B پردازنده Core i7 رم 32GB حافظه 1TB SSD گرافیک 8GB 3070
","
OMEN 16 B0001 - B Core i7 11800H 32GB 1TB SSD 8GB 3070 Full HD IPS Laptop
","52,000,000 تومان","38,700,000 تومان",369x248x23 میلی‌متر,2.3 کیلوگرم,نوت بوک (لپ تاپ),16 اینچ,IPS,1080 * 1920 ,INTEL,Core i7,i7-11800H,2.3 گیگا هرتز,24 مگابایت,32 گیگابایت,DDR4,1 ترابایت,SSD,Nvidia,GeForce RTX 3070 GDDR6,8 گیگا بایت
"
لپ تاپ 16 اینچی اچ پی مدل Spectre x360 16t F1023dx پردازنده Core i7 رم 16GB حافظه 1TB SSD گرافیک 4GB
","
HP Spectre x360 16t F1023dx Core i7 1260P 16GB 1TB 4GB UHD Touch Laptop
","59,500,000 تومان","78,388,000 تومان",355x245x19 میلی‌متر,2.0 کیلوگرم,نوت بوک (لپ تاپ),16 اینچ,2160 * 3840,,INTEL,Core i7,2.8 گیگا هرتز,4.8 گیگاهرتز,,16 گیگابایت,DDR4,1 ترابایت,SSD,Intel,Arc A370M - 4GB,4 گیگابایت
"
لپ تاپ 14 اینچی اچ پی مدل Pavilion x360 14t EK1000 پردازنده Core i7 رم 16GB حافظه 1TB SSD گرافیک Intel
","
HP Pavilion x360 14t EK1000 Core i7 1355U 16GB 1TB SSD Intel Full HD Touch Laptop
","47,474,000 تومان","47,599,000 تومان",322x210x17 میلی‌متر,1.5 کیلوگرم,نوت بوک (لپ تاپ),14 اینچ,IPS ,1080 * 1920 ,INTEL,Core i7,i7-1355U,5.0 گیگاهرتز,,16 گیگابایت,DDR4,1 ترابایت,SSD,Intel,Iris Xe Graphics,
"
لپ تاپ 13.5 اینچی اچ پی مدل Spectre x360 14 EF2013dx پردازنده Core i7 رم 16GB حافظه 1TB SSD گرافیک Intel
","
HP Spectre x360 14 EF2013dx Core i7 1355U 16GB 1TB SSD Intel Full HD Touch Laptop
","49,300,000 تومان","49,500,000 تومان",297x220x17 میلی‌متر,1.3 کیلوگرم,نوت بوک (لپ تاپ),13.5 اینچ,IPS ,1080 * 1920 ,INTEL,Core i7,i7-1355U,5.0 گیگاهرتز,,16 گیگابایت,DDR4,1 ترابایت,SSD,Intel,Iris Xe Graphics,
"
لپ تاپ 16 اینچی اچ پی مدل ENVY 16 H1023dx - C پردازنده Core i9 رم 32GB حافظه 2TB SSD گرافیک 8GB
","
HP ENVY 16 H1023dx - C Core i9 13900H 32GB 2TB SSD 8GB QHD Touch Laptop
","117,000,000 تومان","119,000,000 تومان",358x252x19 میلی‌متر,2.3 کیلوگرم,نوت بوک (لپ تاپ),16 اینچ,IPS ,1600 * 2560,INTEL,Core i9,5.0 گیگاهرتز,24 مگابایت,,32 گیگابایت,DDR5,2 ترابایت,SSD,Nvidia Gforce,GeForce RTX 4060 GDDR6 - 8GB,
"
لپ تاپ 16 اینچی اچ پی مدل ENVY 16 H1023dx - A پردازنده Core i9 رم 16GB حافظه 1TB SSD گرافیک 8GB
","
HP ENVY 16 H1023dx - A Core i9 13900H 16GB 1TB SSD 8GB QHD Touch Laptop
","73,000,000 تومان","74,000,000 تومان",358x252x19 میلی‌متر,2.3 کیلوگرم,نوت بوک (لپ تاپ),16 اینچ,IPS ,1600 * 2560,INTEL,Core i9,5.0 گیگاهرتز,24 مگابایت,,16 گیگابایت,DDR5,1 ترابایت,SSD,Nvidia Gforce,GeForce RTX 4060 GDDR6 - 8GB,8 گیگا بایت
"
لپ تاپ 16 اینچی اچ پی مدل ENVY 16 H1023dx - B پردازنده Core i9 رم 32GB حافظه 1TB SSD گرافیک 8GB
","
ENVY 16 H1023dx - B Core i9 13900H 32GB 1TB SSD 8GB QHD Touch Laptop
","106,999,000 تومان","64,300,000 تومان",358x252x19 میلی‌متر,2.3 کیلوگرم,نوت بوک (لپ تاپ),16 اینچ,IPS ,1600 * 2560,INTEL,Core i9,5.0 گیگاهرتز,24 مگابایت,,32 گیگابایت,DDR5,1 ترابایت,SSD,Nvidia Gforce,GeForce RTX 4060 GDDR6 - 8GB,
